iter	Logloss
0	0.6329312897
1	0.6110705566
2	0.5680212021
3	0.5532784653
4	0.5415718079
5	0.5323237228
6	0.5080796814
7	0.4886048508
8	0.4831531906
9	0.4791621399
10	0.4688281631
11	0.4563880157
12	0.4491908264
13	0.4473646545
14	0.4390065384
15	0.4374359131
16	0.4306086349
17	0.4285234833
18	0.4262897873
19	0.4249074554
20	0.4234286499
21	0.4217335129
22	0.4192841339
23	0.417976265
24	0.4165276337
25	0.4123314285
26	0.4088788605
27	0.4067982483
28	0.4058390045
29	0.4044468689
